age	dust_mu	dust_tau_v	metall	sfr_tau	vdisp
5366039904.07	0.297556946035	0.204499610299	0.0423152713459	18702921433.9	366.403190242
4415855758.94	0.106968053611	0.462041758051	0.0211877173882	5287618190.52	210.614128476
6584971906.85	0.22818121853	0.557299607071	0.0304789599198	7094937613.31	33.396359324
3607916269.83	0.134838823823	0.553038231189	0.0488907056354	5713530881.2	403.462702309
2388350618.47	0.333304733718	0.208003087438	0.044969005342	307441921.66	309.431923766
3438237267.17	0.280980180509	0.563520379518	0.0428897476482	484969174.97	474.251022403
1333740233.32	0.336534473172	0.335476485867	0.0414942493965	13953607233.8	56.068445344
1211003859.13	0.258798938033	0.591800831586	0.0273440801685	10657919557.8	355.996218442
1787325661.3	0.208584331371	0.320146108703	0.0490532833287	19240676860.3	278.125240353
5706444065.63	0.155202973819	0.374832415849	0.00864082897184	7385372659.19	209.618220925
1097446377.49	0.34352045477	0.267150628142	0.0060109149501	16852030049.4	375.313466295
6244383148.2	0.169086621745	0.596496769164	0.0227635963807	15696996924.6	116.977413766
1799938447.95	0.142719603425	0.143110863083	0.000631222585438	921274630.13	437.385922955
6083042492.24	0.14598442794	0.333976929373	0.00270805568904	5732449695.17	246.979935497
975889338.069	0.218489955474	0.126123198016	0.0478397116126	3217278030.36	245.524363592
3360549259.4	0.177652982237	0.448913762007	0.0401103586446	10683922099.5	134.394072097
5615247472.72	0.261423589408	0.300261653877	0.0108793598885	18705545177.5	510.354794864
4931660378.14	0.109225469252	0.449200143374	0.0155832923009	13384964341.3	388.699470604
3664716287.9	0.395782916515	0.233179906708	0.0338322011753	18618445200.7	284.994011959
116419392.466	0.170425425867	0.385665892703	0.0388407998801	12138130492.9	60.4830475254
6611778866.14	0.118496789634	0.569519500363	0.0179023263685	1364201588.57	50.0557298129
5975200384.95	0.168820168279	0.247834065825	0.01187495738	18798063314.8	462.684382816
3246171411.03	0.349680632534	0.459578921616	0.0453271943843	19136846147.6	498.925610995
3923151423.68	0.206224714762	0.559771546018	0.017286929192	14455919856.8	220.747900845
3748709815.19	0.227395107492	0.243580275607	0.0333357457888	18604846723.2	504.250985011
5946077621.26	0.281109331436	0.589801534764	0.00783560388145	13362635065.1	203.037611143
5727075663.85	0.215568703115	0.177995523372	0.0288549102559	7934825828.66	440.483145167
6839570328.42	0.192689950717	0.260434016991	0.0181899230454	15563284253.6	348.903863603
2735606460.76	0.178273191797	0.393622366988	0.0386326008083	2569291374.61	361.967348291
5298242398.0	0.152832240749	0.36180253994	0.049013855814	8511750317.32	79.4233008919
6330303531.07	0.25182166511	0.485600111044	0.015509137546	616864932.508	321.540479302
4005898566.54	0.313237674018	0.485402821791	0.0240540652218	10596299786.6	455.046785478
2125565786.42	0.174425821133	0.148756301285	0.0227055116226	17674025874.7	249.296158883
2585338399.92	0.251881083271	0.12971498632	0.017230076987	17821502113.6	61.1859697406
1051600239.51	0.331116033795	0.444277636074	0.0413633214656	15487800147.9	462.429127114
3249427403.68	0.143687907719	0.548036049342	0.0119071310112	10062725023.7	419.52688473
6354548646.07	0.140630940853	0.463548238604	0.012344693727	5107032062.6	494.580136561
2752013326.95	0.294152162169	0.456863690212	0.0448890961264	980051183.888	136.888000276
6107337120.67	0.383384073673	0.589928705298	0.0294848790443	3809418060.78	501.122367163
2110174186.27	0.242422947932	0.574293189979	0.00141066184978	14542431004.9	327.345548164
2102375823.19	0.300232046406	0.142804041118	0.0107112553767	3721858216.41	148.246927993
2479813794.26	0.109223505138	0.107883638202	0.0177723898265	9659853201.78	368.948622369
3894703451.73	0.305838535647	0.152364216996	0.0146477160678	2590006777.75	306.162460767
5759469908.18	0.183522246717	0.457746322253	0.0315575072229	10094421891.8	342.805263865
1624959000.08	0.218388479554	0.523671474043	0.0117114582346	576803904.678	357.368513012
3057068330.96	0.125517895113	0.296605897084	0.0412860867157	3082602815.46	307.964456373
3275123829.82	0.379493945327	0.334054587679	0.00219355600284	16529312887.6	271.275916948
4074147196.62	0.369964080989	0.492358564728	0.0477936155743	14825512912.7	207.173170688
977188850.169	0.234525717743	0.420295871582	0.0209563507833	18828854987.7	290.710202703
5375345044.22	0.395806027782	0.263731234318	0.00768125767164	13056620332.3	425.769402718
6495019187.54	0.309307304072	0.498256599678	0.0409350271777	6166665596.6	401.375965687
4030534724.09	0.375933487072	0.429661309134	0.0493587038905	10919664272.3	264.662851405
6802484840.19	0.23320381617	0.58777946269	0.0371757810763	7340006492.98	318.780796883
1029237476.8	0.295789026127	0.286107774465	0.00106246800112	16717414558.6	248.88355593
4139894532.35	0.34651101133	0.203940910114	0.033796429461	8047106768.27	310.328510459
4012641111.41	0.237181842668	0.324272982681	0.011423734031	15977839246.4	84.1319707166
2371101188.13	0.295434582113	0.142185269279	0.00116794586156	10786370784.3	366.723064671
5986759010.75	0.378235453743	0.300758566646	0.0138291467356	1382853911.1	305.526587649
3990535722.83	0.198294020918	0.151309020077	0.0292775900672	11617371788.6	110.37521458
3466577797.1	0.278117449499	0.423218027584	0.0285402906393	19204271812.0	212.124028949
4367992614.25	0.248470231226	0.22408232729	0.00350872210449	5561793759.32	214.177515445
6506024175.02	0.280598451718	0.147709796256	0.0401899120279	15441599066.7	33.0460009133
5878832669.46	0.221842227165	0.282258406351	0.0128416751179	8253367844.57	188.179475365
2100470069.71	0.101271825866	0.171678048346	0.0489281054676	11819863173.2	389.110079008
4380757481.75	0.384591411292	0.119580755337	0.0138381737976	6603068143.55	113.465240601
3377705546.4	0.279613711733	0.422818302117	0.0330984870625	14239345388.2	381.598160024
2396127481.13	0.142437520117	0.373481571123	0.00291985157793	17551697707.8	522.803766471
3453832454.21	0.377228929655	0.310309819744	0.033183526449	11322194149.2	168.837591465
6603751547.57	0.212273930462	0.505304772912	0.0287763355768	18291511194.4	333.903105042
6486921494.87	0.336157039782	0.413434387916	0.0472020341735	10039790451.0	367.822777867
5177068199.04	0.399799271691	0.559636518497	0.0295980525644	16128388041.3	498.883399401
3510866625.73	0.309532092936	0.149798617791	0.0241089503833	5238891299.97	258.912262496
2266807446.44	0.20445727628	0.590752888355	0.00669764595492	12186689033.6	395.174412115
6201338170.77	0.196124151038	0.516978049189	0.0241311145412	18493113971.8	195.203612107
4440662614.79	0.239831925943	0.190460528287	0.02356031442	4436873040.77	241.687707766
2009166660.08	0.201225547336	0.4385930538	0.028279964268	4180483281.06	256.53371722
5035274765.26	0.384992949249	0.233864858633	0.00147098670982	16271772203.0	60.1650652265
6088122268.5	0.291898968557	0.496376639827	0.0142604465945	5563725156.6	489.003781284
1940471127.13	0.243345268165	0.536925757813	0.00405570496315	12380874049.9	506.302377176
765463241.539	0.307631548409	0.293929262598	0.0204311278091	4080909667.93	302.625148394
4961720899.9	0.121829962407	0.26201994256	0.030502142464	16685049535.6	189.249611466
3039252945.42	0.137806157395	0.569057992847	0.0274090948447	8343529041.0	69.7515635304
6459784299.11	0.119800503861	0.147823129527	0.00195778240972	17179508823.1	431.649653185
5057758803.94	0.336909301026	0.499942875595	0.0188738611649	3360699041.88	262.681505674
1079800663.02	0.170385181469	0.129468197887	0.0429712828362	13246737500.2	143.692474285
5740030369.73	0.322855585817	0.368916486928	0.00794886568763	12770115294.9	455.463014621
1500821848.54	0.341275413378	0.548613443809	0.0419403733444	1587464359.08	219.41531016
5799894777.11	0.376696194061	0.193509280606	0.0212575194831	4557599717.64	149.446980151
7073389946.47	0.182744861136	0.337114313146	0.0364171167781	1089514767.64	240.536493777
960470104.481	0.284891245217	0.570706026314	0.04451971602	19194850010.1	51.6236466649
2784784154.38	0.300956866794	0.267173385434	0.0116458310651	12322345801.3	421.917078373
6007838540.95	0.19222276255	0.311548288465	0.0155653271214	8280901341.2	235.528782704
4032307758.55	0.135598733843	0.384925509055	0.0129581641873	833607361.091	382.513995576
2005718868.49	0.123879988855	0.227445912215	0.0495680410376	6544899269.43	264.385837818
1035325127.28	0.123799644626	0.383955272256	0.0389619504846	18367952656.3	295.819866908
3828309003.43	0.353802387891	0.4013590098	0.0373401445012	9878292647.8	461.299422177
5681867469.16	0.177456047622	0.122873114425	0.0167944383158	12118698026.6	126.019479627
6039665993.89	0.137816841247	0.280049187689	0.0201185420663	14344509481.5	110.946036008
5099618920.17	0.233787270161	0.170528367347	0.0490097451902	19321667484.6	308.925783332
647714198.794	0.354368623319	0.231879751607	0.00639349340171	7445476650.4	237.643537753
1065750410.19	0.2925292978	0.50922750204	0.00211852293687	16322200553.2	506.565176283
5960461935.06	0.313254864959	0.55807370554	0.038262964231	15142217624.2	151.545446899
484168258.804	0.378033357878	0.466785222673	0.0418835293903	18033043990.3	507.894749906
6873919647.12	0.280269264193	0.296049362652	0.0363855609559	10103019817.1	158.914048936
402760736.724	0.384030470936	0.28718526721	0.0085608136315	9633345014.91	296.339726636
453730581.833	0.118652915906	0.594975719549	0.0304763880119	12126038445.8	397.688163944
4819783128.21	0.237007295455	0.21544189838	0.000260896786093	17145880579.6	503.209801512
1697619531.82	0.237047142566	0.143227695788	0.0423314091027	13245251567.9	528.812467063
407780521.229	0.336597501736	0.463693686229	0.0366385963508	5197159087.78	228.11297615
5798394094.56	0.192475669726	0.439488968866	0.00086710159218	9496154389.06	114.962059829
1240586994.97	0.217378304701	0.587992344516	0.0213923392547	496379398.188	129.62604509
4354182269.04	0.195309825114	0.512602152061	0.0119981947375	16134060211.6	473.754183971
5979889912.25	0.240946803881	0.247923390542	0.0402464551876	6820454242.05	84.8593998704
3926534011.84	0.215524157058	0.419381392859	0.0318180856878	13684050338.3	138.879741446
4331389191.26	0.271403393071	0.121307690511	0.0121889056282	9160110911.32	449.298077167
4955733397.08	0.10611387806	0.18257175837	0.0151833566608	4978000380.13	325.311371802
3071607844.47	0.261432871596	0.392085970035	0.0159047685575	6661308084.13	388.9097033
3495772063.33	0.280265683118	0.410318247949	0.00702604030556	9811974222.42	348.771313291
2175334460.52	0.255938032684	0.37702173381	0.0260470432173	15134035790.6	75.2531979188
2477694163.41	0.133793460401	0.225337402468	0.0230397418979	5898616976.43	513.00159459
6784351158.82	0.188387772961	0.253559820519	0.00920877634836	501711515.252	74.4362129981
6621381761.63	0.143382769886	0.172693935418	0.0470825080203	19067205545.4	133.64007642
6788978409.35	0.192529316083	0.248420983561	0.025243482351	8005462335.55	179.846755814
5762409292.64	0.179975168777	0.553577409446	0.0484651214689	17561685794.9	398.806397771
222588823.576	0.237802188253	0.101977337986	0.0244423832137	19456562112.5	190.978631502
2666629280.02	0.192041874874	0.339869248426	0.0481921802498	12110334589.8	97.3323289689
4479393152.56	0.165070254675	0.591808743057	0.0480090456434	12478653739.7	496.842604643
6637749323.92	0.197097396109	0.490768092783	0.0337258842729	4132779706.02	138.516717885
470467599.652	0.307367050311	0.300880619676	0.0299454193119	7738982698.57	119.067419375
6470208731.22	0.358916118893	0.163988511992	0.0487367284989	11373981633.4	356.94701691
2300316199.41	0.18936839034	0.366600135455	0.0131188433207	5981892022.34	244.535799654
1285734718.07	0.374564921245	0.393375912435	0.007059352243	19141648844.4	119.077734573
5764841195.96	0.174670190469	0.346715481315	0.025510423603	1121730785.91	173.029663831
3834619334.86	0.386932987359	0.373604518757	0.0138375646228	10230179051.3	154.219752793
3668740523.86	0.107385576706	0.151091891782	0.0153644841123	12265278761.7	40.8359223126
3804775921.45	0.219376201656	0.483778129609	0.0473002191163	19012769999.1	88.245077538
631267159.544	0.228147631883	0.454577453447	0.0434923467002	14367073725.2	328.740474542
3381993143.48	0.142443603315	0.253322401683	0.0320856916789	7915815168.71	284.031192041
1368792067.01	0.208398071241	0.323577418243	0.0370963827707	11189735644.6	498.730644066
3589619046.17	0.279789834361	0.576500178581	0.013948561724	13476252481.9	292.190004016
6038325361.45	0.236690899589	0.492040628497	0.00878305634123	11360716578.0	402.026168355
5815917601.5	0.159501061046	0.368828363681	0.0231720197922	18190492969.0	127.414924284
2875729821.29	0.181420697452	0.164981927382	0.0249833237759	63417094.2275	256.231883309
1122139386.02	0.225308705336	0.106833344457	0.0344269678195	8629229013.66	150.254915624
3520484599.72	0.293678769699	0.102583958173	0.00411103441471	7118851979.45	228.210188259
4507106352.31	0.266963143459	0.115219649107	0.0407282916764	4531686998.4	492.644116188
2369537018.27	0.111430060617	0.366871100342	0.00937391669677	3287719831.64	300.416096211
150995862.356	0.272629033549	0.159095445504	0.0348808369952	1190214403.48	224.771938923
1856433276.89	0.201641660663	0.180965600887	0.0342307198033	10222581514.5	313.354502425
5548176574.34	0.390500918283	0.474582317046	0.00761058915677	14805531502.9	400.657864725
4449995718.74	0.154524786865	0.335479047067	0.0270839294803	11710749050.4	473.792285184
7025710353.22	0.359292778942	0.367864732745	0.0292538906474	16694205319.1	197.032403886
6533056466.53	0.21445518872	0.107230648592	0.0477369695074	6672576410.39	521.496149862
1178203078.05	0.222171259618	0.355493055033	0.0267762615776	10570719569.2	111.088897791
6320273547.9	0.11760112284	0.405768772106	0.00417409560265	18559294612.1	162.518552834
2590557272.48	0.394432424421	0.557915074755	0.00117607774155	15490536336.6	165.788269873
799579154.611	0.133350115536	0.424259337369	0.0069559426518	6642481557.27	366.654913545
5924894226.14	0.19428075522	0.219311041924	0.0434739690899	4992282911.01	352.790301842
2300540863.36	0.243744936035	0.115402327624	0.0183951697314	3046683627.92	139.70655471
7021417587.94	0.130142493907	0.586806338012	0.0238049256702	10934026664.8	478.671134801
2047966688.55	0.239411456413	0.398922408003	0.0161038754867	4923641221.38	519.55824415
2596465246.83	0.279794568534	0.539283733568	0.0273499639573	6010241260.29	89.7023150874
702784432.626	0.249828069942	0.313385993456	0.0491790313821	8812900794.32	106.533299401
3559626562.22	0.395327443279	0.39910529757	0.0287475948066	1471834863.28	370.159521368
5653788572.17	0.154902622724	0.448738787844	0.0351482811795	4848513240.57	252.377380658
1982146367.83	0.177861401081	0.406444418498	0.0130638934078	12305272226.7	162.433496442
5202459328.62	0.215330324033	0.448544794618	0.00479864926901	14711244998.0	342.814175517
3467448105.64	0.345190540319	0.182556502154	0.0178186522711	1371752859.2	365.839704795
2041547151.11	0.337095008764	0.394831282608	0.0419946090322	11865130618.5	108.358367642
3074488279.69	0.198596234496	0.483227266347	0.00709584741007	13083050245.7	343.813414317
3282179198.39	0.159169625775	0.576084618797	0.0202600406302	3535582984.54	105.927250971
4233183581.96	0.163809384004	0.521589278713	0.0371987500419	7282148199.97	125.983732963
4473062596.96	0.313923535951	0.149974880892	0.0262658779838	18316046256.7	506.042223057
1869311527.47	0.366955412915	0.194223474752	0.023004174795	15940720028.7	440.317474266
834071187.438	0.200851348349	0.515357730568	0.022425963179	6985068127.74	316.189761095
5524717025.88	0.260374935806	0.422663100341	0.0327891157665	415258855.414	417.492691305
6419544295.89	0.346588626908	0.373765394393	0.0106127421371	8054152564.75	413.832421576
2159832160.11	0.303238130321	0.233689975786	0.00195976585988	18743887189.0	352.23031652
2567357899.96	0.165007325712	0.524512720492	0.0179341334935	10919331661.3	529.086106723
1901229086.14	0.268017765173	0.415660737245	0.039845416062	9979345398.26	177.843001441
1076113351.77	0.101871625804	0.118738683182	0.0454374283951	15905205185.3	396.336278628
1582403886.52	0.321752734343	0.271581156695	0.0273988796488	2187908493.66	344.948394597
6107463817.65	0.185161042384	0.382709372592	0.0313807445866	17860025243.5	525.728277602
516130511.795	0.299255499247	0.124184433291	0.0185463750852	2286782744.4	248.135622947
2339352777.0	0.185490448788	0.287563312771	0.0464826102965	3593441234.61	368.782844185
5848445780.36	0.250370995678	0.223412455208	0.0126291920642	5631029015.32	139.068443432
760503828.603	0.182362521737	0.171795334171	0.0143748242564	7274373382.61	281.840929494
5651896166.03	0.256120949503	0.335801286817	0.0243955855094	20008365308.8	438.437955793
4422606432.54	0.110374031705	0.184207492837	0.0482668800416	8525617319.49	489.550037774
496393903.937	0.315410308709	0.3637308156	0.0081149930501	17240632926.9	357.260787284
5740915332.66	0.152124593662	0.221933435843	0.0350345538613	9309520644.6	222.658073257
2185526951.04	0.180174869438	0.284443852416	0.0471561987945	7724043590.17	372.896085385
6049930630.11	0.261447307334	0.534170206411	0.04196345684	12179984269.9	167.304868791
4810476466.55	0.153597312515	0.156682514129	0.0193201151636	11545567004.0	209.270318805
4488279993.47	0.179548320666	0.459535409456	0.0094286833024	15534426310.0	378.128152561
6518795744.26	0.386839612979	0.547692519904	0.0218705554369	15370454852.9	173.404054146
1256133115.96	0.205834181044	0.171535570721	0.0245722509333	2638575068.59	392.338167665
6229715675.84	0.176706344442	0.579831279906	0.0066349236339	8348480642.87	192.291513957
3483063678.93	0.338469644325	0.189349524151	0.0126180393215	292827095.956	319.864362892
5205690862.15	0.156461485469	0.49423895252	0.0105455091698	15600090318.0	342.514386116
396192718.891	0.231842050876	0.308172547072	0.0249143606599	6375199172.81	66.7199231242
6103565363.61	0.12411642407	0.100979371143	0.0375804246935	292309498.677	276.739135827
753126614.015	0.234509657583	0.347190479923	0.00457218616903	17168909437.7	193.339780166
1270407771.16	0.163441160418	0.19888702651	0.044739943941	7112619790.19	342.687380979
4485488152.35	0.241537953457	0.467094929824	0.010551759527	5899929238.49	183.480407827
892051543.578	0.140982179562	0.222247485407	0.0451463660508	10269122172.9	244.628202558
5405353145.19	0.12175106426	0.456070297229	0.0221464756013	8057769970.74	208.33157997
1365843483.51	0.29655786581	0.419138064837	0.0233104990807	12620332821.6	528.770923257
238061689.934	0.151116943996	0.410456943541	0.0205054430315	19257410961.2	166.305495615
3326491772.79	0.353518154051	0.463444206567	0.00771489983555	10903800390.8	75.9902823814
4938246787.1	0.158166843041	0.375334475105	0.0235195920686	12809771513.7	126.741012147
1116939547.24	0.2348853247	0.131873199252	0.0259057163195	990347259.43	46.4324865788
3196933359.09	0.110307733995	0.100271221146	0.0202016186973	17344441504.9	497.981007467
6992326298.33	0.200512783592	0.34268146747	0.0169299332914	11872796692.2	329.712366703
748374029.576	0.129195109391	0.533340113666	0.0161630542135	181010797.651	37.5312356541
2179846670.7	0.329920563911	0.567839279209	0.0367650502044	9761495700.28	128.482493465
5079861383.41	0.343620089576	0.248238406211	0.0017630498723	12578940212.3	130.813301711
4496815614.36	0.195865815421	0.441123393278	0.00213209936605	11074272330.9	200.165911987
1071385238.7	0.151492179969	0.275085488565	0.00315929098503	358080919.595	486.608748628
780362891.315	0.182444223296	0.32109914698	0.0321383952081	6478359150.66	511.238739647
4426891602.69	0.357937047645	0.175593237993	0.03159581363	6431803952.1	319.562318554
5904862282.92	0.178798984185	0.191997780338	0.0385266166506	14086627267.1	193.280676815
1048113000.56	0.280771243804	0.331362944448	0.0375681559225	8090608201.52	134.085543966
509446626.679	0.22967680758	0.125240517066	0.0308211529413	2638601143.26	328.610644641
2656184469.2	0.143213561034	0.524478005821	0.0465966533756	11832636467.7	298.080456625
2402640097.28	0.345203436182	0.440324293325	0.0458453080228	19459584715.7	297.356705353
3551701600.3	0.32254325044	0.418847046668	0.0130720660402	17077982114.1	348.500262106
6631381301.66	0.384731989183	0.197425610542	0.00595893813911	11920898460.7	402.641663932
3591732015.92	0.244500286725	0.53672960607	0.0168049903778	9558137063.72	243.533694223
4011642286.8	0.250747687802	0.400413418325	0.0356986730861	15173006304.3	226.803417143
4651590780.68	0.162086442688	0.27619690248	0.00412768617218	17893258321.3	196.106155541
131048726.085	0.366616208354	0.506629986513	0.0375446802866	2906437681.98	356.351667904
1280262606.61	0.157805788778	0.332659326797	0.0236020884681	16539201213.5	493.905817699
2712054528.29	0.308818689938	0.453837377752	0.047026319424	4354591284.67	486.324595894
1950921958.57	0.370854200512	0.207675003433	0.0305659251436	3843072945.77	300.730120949
5446071391.15	0.385432685676	0.253853560272	0.0259834123913	6269629109.68	493.068255297
5682709563.17	0.300743381164	0.499136271429	0.0285330861928	4540757419.01	296.296273149
2712158945.09	0.202672336938	0.421362887339	0.0155226504392	11097896312.0	374.305328876
4563044752.52	0.102293513406	0.45976511646	0.0348478707664	14488329226.7	360.239483709
3906554000.52	0.294185508981	0.28995547771	0.0232797483792	4389465889.1	202.905826271
892180833.509	0.153740810668	0.487601673865	0.0253504755635	5194135659.71	286.042186215
4874457772.16	0.26733972505	0.154088489542	0.00828176631884	230916773.189	300.513848748
4852459603.68	0.399920056898	0.183358835735	0.0494290952897	3156636317.74	428.859800833
3242675438.68	0.111112423881	0.20980577813	0.048854079879	15842073727.7	444.078790988
1701694870.84	0.310297065422	0.522293617664	0.0411117695507	12793023383.2	157.911238418
3654317240.13	0.362376298039	0.352055166175	0.021775298459	12323527857.3	291.987614472
1035741655.48	0.104126659429	0.163867780833	0.0484514201627	8242146760.08	501.8812442
6461832775.48	0.298106862713	0.32953940603	0.0243547396811	14941628842.2	475.216922598
1865758296.3	0.125128132273	0.238353042327	0.00332483417017	9277661843.03	205.434034522
144989198.773	0.288776010106	0.36042669306	0.0308071011172	12134602554.7	114.446680596
2156035583.6	0.356012037087	0.518067437667	0.00966170273059	13723324802.6	419.32566576
4655627821.84	0.197523339594	0.220664811781	0.0342782475346	5742578889.11	245.069416459
6964930197.7	0.121853630808	0.333946116534	0.0483003893852	7620569002.56	155.588861758
1737827795.79	0.212624605178	0.463411324587	0.011680430125	2455531240.48	111.05990929
5287613937.95	0.181864600632	0.177733387343	0.0271108666169	9952777600.15	77.5215593569
2298006789.46	0.271823094472	0.526950134763	0.0491653606424	17597821246.0	210.180936143
6104036773.93	0.206329960159	0.374938239972	0.0413825970033	6314020918.07	174.3921932
6347974451.46	0.188410466821	0.532581799873	0.0498406687933	6458405728.18	417.050328919
1798158201.21	0.27831018664	0.413319629611	0.0414805855407	16165666121.5	365.225786108
3448497906.58	0.201118300379	0.20650944854	0.0142843654457	17156847788.5	355.052735644
2062305030.0	0.322771000351	0.429570272739	0.0482079031746	6470275868.11	176.21071663
5683621633.32	0.204243443963	0.402828996246	0.0422697560845	11953311143.7	72.5102916528
3050716082.49	0.185162659608	0.336392900262	0.0496983043609	2285628520.0	126.088566078
941049386.371	0.35555463552	0.560676921198	0.0476659232841	19686776755.8	256.695840108
6202145344.77	0.193155963101	0.152922698764	0.0211332770224	4579715228.42	72.1498426579
628288029.754	0.171134503992	0.1910773028	0.00866077016168	350930848.413	109.651420542
5992053716.38	0.130821141226	0.2462487498	0.0347090675872	504314959.025	295.139602013
5512269041.27	0.316899291701	0.180352278793	0.0277559217042	12483972851.9	404.387289299
4500260060.42	0.225787769218	0.117972529448	0.044031164794	8602282494.66	227.79438947
2905682019.22	0.262614036513	0.471361397998	0.0113080960853	8945716116.38	118.413640786
2192465313.5	0.11347061408	0.459427063573	0.002190167899	15841900163.2	108.94660159
5867214130.51	0.285098603005	0.570237802691	0.0476596809956	16721002388.8	50.9553653186
1195963075.64	0.356873512987	0.224518359558	0.00829854160691	5076665928.98	185.074804908
1470455360.3	0.193175052159	0.142142130179	0.0171231551153	16246532123.2	254.468916448
2523030193.17	0.333676752166	0.175159342492	0.0256244090806	14019602292.4	457.489702187
5330127501.06	0.322086964315	0.556029103726	0.0356563412585	10418620869.8	119.647324708
713187345.982	0.290316815644	0.46342664032	0.0226560118751	16620695934.8	96.3002676948
5270636524.06	0.165094729827	0.438225608756	0.0171085062925	13917886212.6	384.528161074
1100181467.11	0.371962241293	0.195530726148	0.0360250737142	12874228459.8	486.49371476
2541469867.29	0.282684418225	0.497428171626	0.0113472776971	6826801076.06	185.478025936
3343263519.26	0.206068081679	0.401161996623	0.0242213596285	5418695793.4	261.588462013
1370228651.91	0.184783363782	0.117724230145	0.0333052461245	8256330792.35	396.282913126
3929429664.34	0.395277999968	0.214883236118	0.0390898969668	14907944486.8	468.20152533
6489213695.81	0.225661124699	0.365478136822	0.0185654771777	7574628486.14	97.0133694414
3704597959.66	0.251233926745	0.246204305184	0.0274974577215	18960648189.2	352.447912684
4423775709.39	0.109616166707	0.597309410613	0.0190418201324	9419031241.88	198.656837224
3721588835.13	0.369425438569	0.396582181185	0.0321131601229	5134049539.69	81.7649286877
3068982571.36	0.1671881391	0.592248666217	0.027956698051	18226286078.4	131.658668744
4259152433.44	0.107082035118	0.174909515948	0.0197658695431	7820569604.93	392.934168949
5732749280.06	0.273825494738	0.508181034515	0.0465195686263	2385930696.1	77.7864887188
6279989152.38	0.221512900237	0.164778415826	0.0361327518365	19484256903.0	314.01870755
807922153.562	0.135059039073	0.198366456713	0.0140340951675	4403412108.56	147.391539536
6438542750.99	0.379709445868	0.277853257746	0.0286464136853	19703011701.1	468.378961662
4391142932.51	0.167772480599	0.289835445753	0.00726824188225	5412833992.53	370.072258141
5930748284.26	0.180849268914	0.541948700761	0.0455768201021	19116661205.3	500.172938209
6449744712.54	0.297724605609	0.467390147276	0.0401097828659	18960879136.2	267.918757543
1579924808.08	0.317638363744	0.293175973198	0.00857658883192	17791887295.9	68.4651791275
3283926680.76	0.111089600337	0.212050248578	0.00486902840397	18334873161.4	144.769267636
2969710178.22	0.216488837729	0.397371021822	0.000239681141368	11608923528.7	259.348402006
4400679384.34	0.287513268426	0.378733541076	0.0205687249834	19700192871.9	292.210073128
6316586424.45	0.295884179582	0.405259245045	0.0326332294238	15482224891.9	514.86795196
6311626307.88	0.190957707216	0.509985027627	0.0278830132055	1308397765.41	236.11678038
641636945.281	0.118244684048	0.282440151592	0.0168275465507	8190682719.63	465.283364382
1287441458.13	0.187906794971	0.237741592826	0.0460309793313	15377342456.3	487.631424757
834754830.243	0.296940507377	0.490833595651	0.0359838170366	350138596.756	124.257414649
670982677.634	0.303974671434	0.268192156932	0.0261128099672	458962838.272	353.003133724
5549468622.8	0.158891260992	0.171533542853	0.0409990969367	9532559436.31	95.2701721384
2615399888.17	0.27424061082	0.253987586015	0.0227933618996	1560305971.94	41.3926721403
4976654154.84	0.17121171386	0.381644334343	0.0290950763878	16605550742.0	81.2098293297
6410270125.6	0.203627878683	0.284619848078	0.0380601989717	15381147069.6	181.20390202
538978786.372	0.205903583547	0.530613419847	0.00845756446235	2661342837.34	528.938141693
4962456575.3	0.285551214985	0.192707782533	0.00945927391338	5866104989.16	366.767977724
6723204820.86	0.163377628994	0.550901968621	0.00214728951441	6814786373.42	415.97272367
5488757623.83	0.245784398547	0.552121558993	0.0294012093099	10243393534.4	500.022501648
5949336138.53	0.352757826315	0.558915353619	0.0400698023375	8888955298.3	290.166313382
4640250102.51	0.245950282135	0.589479397246	0.0269308421639	17459396272.6	215.657333538
5466382760.59	0.301120810233	0.215989223722	0.0214332972356	14785427197.1	46.9872318331
180873936.639	0.160951276571	0.459351792726	0.0240261587676	6540949526.4	356.210311097
6447100942.07	0.273013182707	0.349676683374	0.0234910572463	16052875207.6	498.825629752
5275198239.47	0.378440375761	0.424544772026	0.0455920031313	5565520363.73	293.507978143
2493769711.15	0.131599458929	0.294817111193	0.00844422699887	4030164719.73	366.581674724
5287168557.98	0.331719295391	0.176434241608	0.0401065026008	17671104248.1	511.830433925
4005205193.89	0.375439176449	0.229095321657	0.0371077487396	12924843657.7	350.960367003
874780285.491	0.102452709843	0.125582436804	0.047399558189	148950043.523	91.8596079329
1813516610.31	0.213407034869	0.578357127675	0.0124350723082	5095606064.26	457.871571591
1024610117.82	0.267695302892	0.417369224922	0.00847275136162	19320977497.9	241.754266255
3668944059.65	0.283261172594	0.52200057133	0.0176245346063	2261264906.43	445.35381714
2383348958.48	0.193796814471	0.296311931795	0.0394372101742	16827470100.4	123.831209559
3498316358.87	0.354395232287	0.564303590747	0.0161954233693	16218027244.6	49.0099453829
3899478719.1	0.361952521619	0.324198319959	0.0253382312965	6579212315.83	506.581461518
3422610960.58	0.348305667852	0.372757720649	0.0219962119288	10843486230.0	61.4603815239
2172890078.46	0.239600512096	0.346256169168	0.01049857665	13772701568.9	126.287551111
6576848399.31	0.30375513	0.222025357227	0.0318630309502	13060331283.5	343.272906433
2883895921.15	0.219165087016	0.31305449844	0.0487289922883	19909229391.5	460.58087043
5033576716.1	0.282999546298	0.233731598218	0.0487845198634	16287201265.7	403.06990275
1598016266.67	0.151560468653	0.346540374535	0.0335895031924	13953030416.6	180.644435351
715214877.505	0.267473133491	0.580172565737	0.0127555102821	6381147119.85	59.1012071112
2078513498.08	0.232692173724	0.195871723076	0.0293924685847	2466688632.03	444.924574881
2496233584.53	0.225137115109	0.183828482778	0.0139479473589	11917734869.1	105.228223365
876950950.539	0.12354116595	0.289351715234	0.00463323901816	11770795931.1	408.146420614
2918243854.78	0.394139334307	0.288390112009	0.0179367531845	12798161100.9	96.2156379088
4878479662.29	0.110661960151	0.427191498164	0.0438137893942	7693552987.73	156.523690815
3187541279.13	0.35850459188	0.414215724073	0.00630590480697	17879479961.7	516.447170053
5846400945.02	0.22069901204	0.318312177827	0.0458179378496	15202000107.0	380.413980909
3207531480.12	0.112124222949	0.334285430392	0.0247825782295	3819974974.42	514.825094158
6504845820.96	0.346998625388	0.300161968009	0.0050775906909	17549704835.8	428.693047781
764056175.238	0.161901633831	0.12442528975	0.042569571176	3213599611.23	216.307517857
3324510046.35	0.156070449356	0.280659935777	0.00498026349399	16719973066.3	201.212562255
1037950789.84	0.198791216771	0.147569806471	0.0319362615102	15726330583.3	488.130117618
2879528415.71	0.243111820582	0.56199727225	0.0432821657007	7444731591.4	505.19588199
581973700.982	0.243778567899	0.572883022326	0.0481132326207	9340719664.69	522.963321104
2015557637.22	0.330546975881	0.359910002268	0.0229395388861	10113858036.9	528.0022202
5165552386.62	0.165556682654	0.27213050206	0.0332541128413	10749487883.7	137.204163654
1382635606.74	0.174824095871	0.203113928315	0.00246911855132	15125799357.3	212.788525941
797543894.635	0.125010457711	0.103083972753	0.00559313616839	7798381611.14	424.310150421
2411098111.85	0.136036013957	0.104362309184	0.00873162032234	2478245124.1	59.7035395568
1343566923.12	0.243196015534	0.468974340884	0.00859959876819	10482361950.3	257.580848238
5257191878.48	0.394862751258	0.530056532312	0.0234782981101	17896952591.1	225.400688178
867917947.929	0.328464248543	0.378339258058	0.0385377640438	4820832237.57	247.229392489
5846580493.24	0.323934473666	0.196822791206	0.0449624382456	7369915776.38	424.793074407
1805289639.79	0.278702856265	0.182861491524	0.00678225950057	12040055335.8	101.48235573
3552306419.32	0.3630228462	0.484667134032	0.00564813181362	14179264367.6	389.464375979
3209972434.48	0.364591039094	0.349637049177	0.0424868072523	15311232182.4	475.865565102
1196269675.38	0.203269848431	0.369466307836	0.0294221628647	13964976565.2	518.586905298
445181773.796	0.334682087491	0.435448933108	0.0282521447337	5969661723.92	460.853548527
5321089810.83	0.35744823559	0.105699750782	0.0360956075696	13987405154.8	423.683164399
6251273310.18	0.133466322956	0.466888100999	0.0391506726875	6048509021.32	152.013695578
2070675011.16	0.183565034517	0.426076842781	0.0131958659036	5771346758.42	272.377702908
5979439057.42	0.269616968224	0.265947486025	0.0222046355022	12403493007.2	181.703905939
1876539975.79	0.172142298424	0.367138127904	0.00591099257527	19305906718.7	153.57075838
265516766.024	0.29042333519	0.293230519922	0.0441675763029	2666766111.4	243.200150538
3900188556.63	0.323389970845	0.240996734836	0.00492120326005	2557237730.29	503.573714076
300119711.851	0.114284874709	0.28386429802	0.0446954870202	19765386959.0	345.022159464
4741361560.16	0.267577432862	0.454493818423	0.0410070977599	19145339807.2	453.999220574
990197466.714	0.384593931908	0.516474411397	0.0168440448023	7495347010.22	458.716453996
5379163700.34	0.160458319318	0.502846472082	0.0305568605591	3550252592.39	340.915033315
5006151306.47	0.217438262902	0.176966198336	0.0246998734527	2415036984.99	344.261055171
6640325589.08	0.314469414945	0.173161786492	0.0159675410281	8291973263.75	187.905624092
159486961.895	0.33663953976	0.2591641471	0.042776098974	10701551085.0	350.649356268
597409716.925	0.393377492307	0.435700493136	0.0362519137242	19536757540.9	265.652696649
5906640647.98	0.379676762975	0.273351682147	0.0202522477258	18285803183.0	397.846563539
930420873.335	0.352317626497	0.339039464617	0.00174986612097	1454650634.13	295.339584298
3159604823.83	0.23458361308	0.341486857901	0.0339618649385	10491205645.4	102.175957274
1626578776.4	0.216016533347	0.561395277019	0.0227793054584	4880641514.35	449.58788299
3601063395.7	0.131638281806	0.166198673373	0.0207620671284	16026989001.0	235.15228867
2145261790.99	0.315088070626	0.539591191943	0.0465735623902	3938195615.21	177.896843906
2579289269.82	0.322283414296	0.147745794151	0.0444665998125	5431362269.45	529.3416255
761159371.985	0.324092661217	0.377275118298	0.0111978618517	8540575997.36	319.99605843
2966615801.29	0.249965166942	0.449004697943	0.0441858285056	9937145687.05	87.4190926335
6170819124.97	0.381198007063	0.232151710321	0.0258625587576	7473120360.24	205.589769022
6136794267.28	0.376442721523	0.496337965784	0.00427374067591	15297138137.9	44.5823298156
565273134.645	0.387604506628	0.139144802532	0.044559070004	12351184279.7	426.270124033
4236360426.23	0.203898000773	0.139564550881	0.0239010052796	14335864947.8	89.2538425547
5885754908.68	0.103163715988	0.530933109785	0.0169329471115	2960338035.11	308.992535694
2983034966.72	0.375186123248	0.309822828903	0.0409908168704	5152214064.24	364.623834937
3695679828.76	0.366139473838	0.382540641864	0.0331733622832	8685274617.44	48.2990048933
3882118872.41	0.158947256251	0.300142257284	0.0233294127436	19882883682.2	361.970800414
457324444.558	0.245222089295	0.447686226591	0.0205636735797	8926070172.42	443.678685723
3489090982.6	0.306098317824	0.300637265977	0.0414099061913	7757524157.9	124.733689343
2058806745.9	0.365770893745	0.332189292812	0.0349145657501	3609585838.99	38.6853646072
6345826644.4	0.203244425331	0.431318136112	0.0186936215386	1145189107.58	425.344104985
261999254.121	0.296370800134	0.502240921147	0.0325013285428	15262838316.4	290.501187763
6496234190.87	0.258621990499	0.20599892578	0.00912155189467	15622767345.9	72.7514190755
5439507865.47	0.177461350514	0.5572694055	0.0031693426516	13135861282.8	427.05770329
1812714068.49	0.313344327365	0.286122360974	0.0132466376494	2610323126.93	480.265120114
597238501.975	0.295365126393	0.143793047803	0.037711077582	2962358636.74	272.088936232
3899836183.49	0.134124922078	0.568908774286	0.0202540656263	15010166922.8	324.033562553
3315740431.11	0.262421519008	0.325318652807	0.0185422139393	17347377932.3	290.646893994
185907685.193	0.109531559965	0.365072730607	0.0415332753958	19241508160.8	265.758584234
3988328451.03	0.144657383575	0.385234429539	0.00286641039955	9380652750.75	526.472540554
6018310437.33	0.351293629304	0.552064674192	0.0296596618465	17320978552.3	110.013765858
4648688446.96	0.350298915808	0.347020233136	0.0219503994699	3413082771.15	208.507469476
5854016509.85	0.10259149683	0.545806826638	0.0464644598197	12255967366.5	359.401363883
917013939.986	0.132624988508	0.467307605494	0.0469444192107	1805094016.02	295.104512533
5080119438.15	0.391929949352	0.211346558504	0.0118557623175	19375275568.7	312.850833326
6971318010.35	0.389787842919	0.582273121277	0.0365394669017	15061834865.8	173.990037794
4049679091.12	0.234614819754	0.16946321557	0.0489437616426	12373237490.5	315.953220535
2789790885.14	0.331088325053	0.300478407295	0.00291736043084	16593315396.1	66.2826780286
1332833701.52	0.132120239846	0.38039781867	0.0192063616284	6293508899.65	478.47587512
4963361613.43	0.277090844893	0.497662380814	0.0275644855082	8138045586.07	132.548146062
4515448657.49	0.399703813419	0.572682396864	0.0343804287644	5758724053.4	431.469470155
1270190224.35	0.277003836535	0.240529519154	0.0279600903077	17317571237.7	128.419247309
2326807082.34	0.215114498469	0.174469351495	0.0431000750932	5580892885.81	370.273520216
7093604018.25	0.281691616516	0.126931275773	0.0103625014062	8958896010.76	293.446920279
744684089.645	0.35652592275	0.385390380187	0.0124836979145	10467088082.8	369.732750165
3670977761.54	0.296063857976	0.158585866913	0.0135883741779	8690974673.86	226.976946755
6468494527.63	0.332650089905	0.288458796825	0.0349459675687	3544746948.3	511.81919619
5899396274.27	0.204328737026	0.341761428451	0.0206871800079	366619505.843	384.524209589
4136504057.03	0.112043500927	0.425861517193	0.00770608980721	16365304400.0	507.739561149
4758461796.41	0.308308224643	0.490001586615	0.00625021647134	15910661814.8	150.329601919
7016486106.92	0.389545554942	0.23680202495	0.0028238621384	6428185915.09	247.504424599
3704489572.66	0.254921826541	0.524396492945	0.0106872215541	2472212630.74	511.214725582
3721547870.74	0.124985561224	0.428884016326	0.0184439750793	1112211400.58	294.568622648
927329523.212	0.285256651282	0.49749207585	0.00428133121349	10469381415.8	342.235954149
4073412588.68	0.202721617775	0.581188973421	0.0427355107635	11370449509.1	286.701851203
1640052082.95	0.137897792351	0.483647916613	0.0315334275064	12113884274.8	170.819348211
2491150708.92	0.114492449568	0.355281659605	0.0286220319471	7969520649.7	233.071639556
2459451754.97	0.394206151591	0.519510336683	0.000325506989105	15846292438.5	396.027051809
3928289771.52	0.283823233651	0.546522488078	0.0381864962153	7014748811.71	325.004841607
516526958.786	0.307784040497	0.309382102798	0.0323099289958	1298196101.33	362.330961861
329854143.498	0.108009440238	0.53332532385	0.0326040880241	13307703904.8	133.819459054
195533050.092	0.198859515536	0.345802959037	0.0398988312767	1010941674.99	316.175922809
5854564201.4	0.308785875047	0.211565858384	0.0359155364436	7870555703.59	157.393303188
4971518956.91	0.398172401739	0.441112480619	0.0364503903084	10074505943.1	514.35943269
4201537630.11	0.10564271319	0.340295456844	0.00768035181989	8125187377.91	86.8073318465
4778957418.6	0.296797000791	0.419989010713	0.0406005592873	15797713645.0	313.747675907
2889498261.86	0.191966696387	0.487700154731	0.026391310477	15079357122.2	441.938939473
7036820964.56	0.295799920647	0.553431501649	0.030831407822	10950219358.7	247.200633294
2503188911.1	0.173458574819	0.49718673017	0.00115030386115	12111555034.0	525.155287053
2158125606.98	0.362883220555	0.355268546061	0.0198093094812	13471331559.1	272.770690148
5363287840.33	0.20627976801	0.109795255942	0.000616606447756	3720926904.31	383.093873038
3868172318.58	0.285185986036	0.102313278287	0.0229225391082	5564426130.03	383.781462614
1349960535.3	0.283709800461	0.4795256444	0.0298073205316	7967015979.6	300.827235245
5820646367.62	0.204624505577	0.132129058487	0.0468595244765	15454438419.1	58.5821061094
2108966862.01	0.294372069471	0.327196222234	0.0462450111291	3601411524.23	238.287498442
2522418808.0	0.271367050151	0.442335254585	0.0387852237143	1284703655.7	499.987416339
2432510055.05	0.351633816481	0.495727269378	0.0149137210906	5563118401.11	45.5615494663
974867267.601	0.305318266873	0.414338239557	0.00498845760573	4050087889.65	164.768899497
4587702946.72	0.200447976989	0.360527314998	0.0174489876033	7128790236.89	507.792586515
2977370538.97	0.298776890142	0.37856427804	0.0187394486824	3313748997.97	430.248321448
2101178688.73	0.3966866565	0.57381441548	0.0143651347066	12636952853.1	418.483172565
3827880931.99	0.362908082852	0.461143806506	0.0466393962024	897064306.034	313.427087605
5734536184.26	0.256793566253	0.303533143538	0.0179597350241	10647290247.3	297.675290013
4705107551.97	0.367386682493	0.313831003142	0.0443080031463	10742622920.6	213.707749269
659278349.654	0.352654187531	0.109023075493	0.0436286625434	13173625487.8	523.466742425
4696391309.42	0.133470494053	0.102499354648	0.0428782445984	18186411921.2	462.966308226
257244780.728	0.158656991002	0.57540426761	0.0407826355832	2650761273.27	128.013569958
6040213524.66	0.147778174623	0.425777580086	0.0456134612064	8559445932.01	182.603122164
6832515673.22	0.239297943001	0.170388147148	0.0369880728872	17125130785.5	446.016201986
5775821708.96	0.139021884842	0.457269170525	0.0493625537719	2820581123.74	268.442811775
2025907298.33	0.149205436676	0.253975350168	0.0333649412735	16575211044.4	379.520432371
3207115120.51	0.217844694768	0.233885604855	0.00572698452018	11495363122.7	274.417946959
4784005602.97	0.183154590005	0.437178357113	0.0216641665965	10690178936.3	164.340032801
3276585479.45	0.374100856402	0.239611604537	0.0347036996856	15171996370.7	204.584889005
4714852937.89	0.224947637891	0.295004947825	0.0220565845877	8105820889.67	213.99583929
4399554611.35	0.334130067985	0.527000522992	0.0403060775143	18295759513.9	353.961789496
798980871.403	0.214057384653	0.113494514301	0.0395424403202	4251327931.48	501.388548078
5747696222.09	0.396953981837	0.544676813831	0.0393063701758	18589455788.7	153.541050396
4017691976.98	0.316693389502	0.127586749495	0.0103427409172	17247371721.1	236.267974226
4333374966.66	0.385879201564	0.390670572149	0.0174914972877	5308944511.26	270.124454662
1721559782.0	0.393231664324	0.493138207007	0.0386638264524	609895062.761	314.094045084
4505400451.43	0.201826260858	0.442232432746	0.0310066967757	4339443198.04	85.7932663892
4601394824.88	0.172119409817	0.265097781847	0.0336650175123	5752044387.11	341.928172826
2916187441.97	0.310708940663	0.112605345285	0.0180201163262	19220618036.4	103.611366136
6764214866.25	0.306460588682	0.112856492964	0.0167038364397	18102104496.7	84.6387892201
2289744189.7	0.274335571799	0.21551292664	0.0196957832059	17900943590.3	140.111487248
6620187735.84	0.213403146154	0.587018431145	0.0194985901236	11744203982.1	196.180310182
2014332142.91	0.108832470464	0.456834006802	0.00788599087539	15921992676.8	96.1484628159
5817142468.37	0.336420050065	0.143701200752	0.00301275242198	7364169883.27	182.790160872
3808579955.2	0.119149748682	0.152960292584	0.0132744270258	3883645140.38	253.050465833
691414686.004	0.321823506502	0.486548769858	0.03950068138	14099269334.0	327.064828956
4885520995.21	0.118174369889	0.482736000687	0.0366069383558	15264183185.7	285.820987949
958580557.679	0.134964696021	0.273556598951	0.0194804402423	6922170131.0	351.11304597
1536656379.87	0.110869481804	0.509785354489	0.0262644300018	9908911418.29	468.110476597
2514612166.68	0.357239837693	0.257062151304	0.044912456498	9732526702.28	366.771547002
6702684172.07	0.314584226902	0.315166157384	0.0324715968736	3602156416.22	137.515412799
2551161126.43	0.319101075721	0.376424416491	0.0313590558634	11403673558.8	211.966056182
6223412428.44	0.272881153859	0.212622052837	0.000532619507081	6918698010.85	431.583901427
2232463490.39	0.345911249908	0.561513683253	0.0290216389677	1732093301.33	465.626913879
6232155261.99	0.204578629609	0.235680543975	0.00917549722233	15149457802.6	168.818870472
1692068453.37	0.312116888084	0.267512212946	0.00195893228014	4463448948.82	125.696851631
1651485762.67	0.17796780813	0.205917736542	0.043954238698	16267060303.3	423.975702071
4167249257.32	0.257650537797	0.228373274573	0.00304988109381	1161425902.86	292.680455447
244334365.955	0.360094460935	0.384266658708	0.0178875732941	3376444357.26	275.20874934
415799698.466	0.188438263761	0.392665877851	0.0168658342565	17901934647.4	430.094055731
4398486041.46	0.39243092606	0.100257246343	0.0377482014113	13245184142.1	324.53549253
5747060587.8	0.364330297587	0.184431799388	0.0023800324412	3975683275.24	326.929297704
5099826821.34	0.220225013693	0.106490341928	0.0308644949882	144400728.119	354.532310563
792391580.319	0.350814423319	0.131218680836	0.0273172139974	17338488365.2	266.899813105
2584544165.35	0.367498806479	0.231411271065	0.00427566997557	3216258277.19	343.5536829
4062721075.77	0.166791784853	0.141653743717	0.0309851241929	817001030.699	34.3926687146
3276181989.06	0.210675683841	0.404668531546	0.0488820251143	4939356833.63	211.37314862
184387492.861	0.280524228969	0.208724694192	0.0203902352418	5684469580.47	320.740800424
830829434.293	0.355939875435	0.249128585929	0.0307483073777	19764522085.5	499.566142727
7029811139.28	0.269753301073	0.195883630548	0.0129713494356	2896566692.14	79.3668812641
4030998905.52	0.193136634234	0.511455167492	0.0275362293846	3689910143.69	473.771073114
734134481.637	0.337702832764	0.177271921893	0.0467631604179	18917257496.6	323.42847081
194879684.668	0.249561372514	0.144129800303	0.0424547041921	13487906229.7	96.7075675103
533748646.156	0.255606570951	0.100604661021	0.0281996820926	1763974867.33	156.67166019
1012362243.29	0.262881535007	0.302684518271	0.0432940801189	2507414501.83	279.36552695
6547838034.08	0.115930134969	0.123479059736	0.0393435353389	4518242084.0	409.115794642
6786923074.85	0.171464410201	0.14073488046	0.0341120912721	4416473736.76	50.4486143355
1902760417.49	0.109997378557	0.518956360401	0.0342608124936	268277255.85	396.188699849
1132168767.48	0.345808760022	0.323869965633	0.0109882976216	10285497023.3	259.581835664
242000006.534	0.149992146825	0.233619292207	0.0472567966199	884618767.657	386.563096469
6195815558.59	0.122153175428	0.444058447485	0.002806994839	16674425957.9	283.723997043
2123157141.45	0.155265771328	0.555028135873	0.0410760361587	11550595020.0	190.941429592
3181516475.04	0.31075403445	0.22002434582	0.031797687904	12494245855.6	95.4290072568
458760483.096	0.3141062364	0.227454829043	0.0276648158778	5098289268.96	342.785810134
5681682175.07	0.208070967275	0.434979289479	0.0392968355011	9431369583.76	381.24182016
5621893171.81	0.105700609665	0.259945456199	0.00147129485165	15395085790.5	105.057947292
6816922508.12	0.191124632682	0.270762448163	0.0302064339894	70950036.6462	468.664863596
1034971444.52	0.352414469733	0.418931917274	0.0365721468087	12839314893.8	309.987674025
1272916700.4	0.263986070245	0.398011321059	0.00435687249777	3669272039.43	69.5573207828
4885844605.16	0.286815671613	0.216955505735	0.000361119872795	6022290248.01	141.3092328
5458513553.35	0.28132668391	0.519995132361	0.027077924627	19812014268.2	459.340568411
6805011816.21	0.370090761136	0.523793922379	0.0371899443753	10232252931.4	524.738762473
4880240603.3	0.272961897854	0.483309990208	0.0408618599699	5320107412.71	290.918150159
4700527921.74	0.348290384791	0.338535037868	0.0131801062622	17257681688.3	223.987406385
3589756061.45	0.19390443539	0.565507496239	0.0394967593451	9409846311.22	71.7894957092
5724472710.29	0.375658733134	0.597885665834	0.0421850938703	19373469778.1	61.6389303192
4515777470.19	0.274591789079	0.461976497244	0.0395644623783	10113841570.3	396.101572579
5046897642.1	0.227650459893	0.363692303409	0.00366675857695	12352034618.1	184.609731411
5569616827.95	0.205496913521	0.569420797996	0.0343697454492	19089508202.2	113.333629177
1512986689.57	0.200874960788	0.238849107233	0.0312550731027	10315048483.3	356.79371052
2150439128.64	0.39398961733	0.342193426157	0.0405029420144	12244786730.0	255.508906978
6315467189.21	0.195626520747	0.546331302832	0.0243392658548	11227362651.0	38.7254128344
5812418389.45	0.219717851203	0.407958720978	0.0293108791893	17090380489.4	218.02306518
2129996925.72	0.24619316665	0.487014375716	0.0233929994128	12553903417.4	489.908033433
6476490243.12	0.317919625411	0.447975070028	0.0143743871647	6793657994.34	349.49464033
1935104715.64	0.22756791424	0.517839082304	0.00500262303193	8231452509.2	357.990652809
3057077860.93	0.121354555973	0.190846457088	0.0440677731013	7727315530.31	352.969811493
2223784422.66	0.262425912828	0.135168111548	0.0103722853411	15377693384.6	113.933345828
1046412540.64	0.203585311327	0.187594511256	0.0122192338047	7983774965.02	427.350671937
6686182558.03	0.117560653667	0.341378503228	0.0279064930054	4725635367.77	203.231437983
2449287400.96	0.128399693727	0.484505242941	0.00465598829597	4030172254.26	318.008166096
755934413.024	0.128761773892	0.26305152412	0.00324906140936	10475735086.9	268.486934227
4910351073.61	0.354731561744	0.189095491376	0.0100299966508	12963688960.7	486.484560288
4230706008.88	0.277805092774	0.466583889529	0.036987332839	4950529093.91	88.6895304257
7075018732.96	0.182833368627	0.39762198848	0.0496800437434	8198914136.83	115.75146708
6236717051.65	0.216451567101	0.403163010381	0.0245549148124	7915843284.57	469.357639042
3563093291.5	0.389475987905	0.403696552035	0.0246264028008	9500617872.68	409.499700846
6137602723.89	0.287445166597	0.228303526216	0.0448806785	17471155030.1	431.698930132
5119239555.12	0.219788919026	0.149191173543	0.0497038059505	14306449624.7	369.239942168
6541045925.98	0.346866775115	0.551086219664	0.0310566672018	4530239074.76	471.673520116
6076271999.45	0.342351541406	0.158381996965	0.0448290722098	17606061805.8	351.309777869
5357175004.03	0.189658828605	0.362383653856	0.0470015510241	13885675152.1	459.645260866
3899469756.16	0.34038201306	0.239077722907	0.00294018177693	5422809348.26	367.429395847
2991219688.2	0.319641348025	0.104557549208	0.0497284552006	13433442646.1	398.241120944
3036970251.85	0.39486664195	0.449736880157	0.045798377026	6979878453.37	290.510107758
6117915573.72	0.353501387819	0.57024387095	0.00924594392437	1787595838.35	434.134466051
4362735833.07	0.182106517507	0.443600445702	0.0160847301283	9940384348.3	223.724626066
5270857458.03	0.193000270613	0.284472625824	0.0446897533852	2015568110.98	503.692276709
3931932020.07	0.164150796443	0.457456732353	0.0223564456612	5359080320.35	143.662395565
489960229.48	0.151062043044	0.356598318305	0.0266924475011	6935208623.91	137.979895868
3845478283.13	0.241316528557	0.38865621213	0.0143669135169	17350535113.7	108.862244674
4919977017.9	0.365028606432	0.331856854122	0.0468734826102	133388962.728	373.270091695
4420147511.22	0.280995396948	0.507713575546	0.00961496839525	17444676856.6	327.536378086
4542137274.81	0.176786626929	0.256975163564	0.0137608868465	7351666594.55	370.059697217
2104314812.68	0.356314750351	0.531286521068	0.0297556684105	3723599803.68	413.286378758
6728065819.43	0.129452308228	0.24123326874	0.0165129395987	4004824451.72	32.0036193232
2861763935.12	0.227825047337	0.248920426252	0.0151223005667	5415001520.09	344.426371157
2503380050.9	0.111304071492	0.134683489663	0.0166026627057	13894106626.2	146.589407562
4283029151.04	0.170576453851	0.41118018289	0.0285213570922	10156311866.4	332.233096102
322668152.64	0.113941052504	0.467789149145	0.0350078184735	18647447495.9	386.097639978
3094870389.81	0.319434936511	0.237760308887	0.015811495874	8751076599.12	142.372821309
968800863.764	0.107329977062	0.277474598022	0.046936650542	12074709547.7	492.493001465
4624904970.5	0.133458700182	0.279784254505	0.0472628571613	18647899286.2	310.96533591
7009966192.68	0.161592374069	0.449994371764	0.0491520495881	10790373830.6	167.708776785
2032940995.47	0.173265170052	0.368358617989	0.00286460740952	4629474186.78	157.511902049
159080120.39	0.255685945213	0.346372841872	0.0277849907855	1034438927.11	62.3545125138
3211445685.29	0.272949907301	0.107414887801	0.0177592784259	5162925764.23	423.478369735
4620838361.66	0.216555624367	0.578763972829	0.0353000131903	19936813709.6	448.930432894
4398008216.14	0.110550420435	0.596325790952	0.025785559044	15956414058.7	153.411804207
3101936992.24	0.135605024773	0.41638422006	0.0246215798827	3908913958.11	125.012184179
3932096603.38	0.145125560962	0.154347975465	0.024404076798	1734924174.5	147.864600936
6186500924.78	0.331603019407	0.221427403606	0.0421512051229	18503378211.2	481.740283834
2360471661.6	0.308584182372	0.19091098694	0.0350684415688	17698080867.8	152.080798204
6518970244.07	0.212320782232	0.2424112493	0.0358984588547	6493685382.72	120.401935026
4773378129.85	0.307689209301	0.319812982831	0.0495310931255	12822236260.2	384.289920553
3677863695.51	0.226826418512	0.252024677444	0.0471517475058	7307002768.88	524.202632144
4764701834.55	0.242213169802	0.22294220782	0.000209731763917	18535079427.1	459.399236152
6716410800.61	0.204057035176	0.215545599416	0.0178003186457	17267602574.2	467.393731278
2825706576.86	0.121987868475	0.479880804265	0.0482900395171	9651100949.43	354.267142004
7004271268.41	0.300303145974	0.343884190605	0.0230970814235	18418155174.2	507.18044414
2581309364.04	0.274073067259	0.152708868206	0.0397226800656	1008938463.47	514.213292921
2588384747.85	0.121977864751	0.170820949648	0.0341658991755	737400283.908	398.230489055
4369469757.25	0.26236816204	0.414171256404	0.0393109541716	18636043254.6	518.764090798
6830280287.41	0.368658636946	0.187128836904	0.0112381434705	19525263040.2	492.156290672
2696682233.51	0.107053281134	0.150774062334	0.013309475419	12905616738.9	268.957534527
6956528792.22	0.200508192322	0.220798772174	0.0329674911861	12536578935.7	259.206452973
4721503188.62	0.311011776238	0.145371805975	0.00252047229867	15841464323.9	151.182697214
3571074839.95	0.259186434318	0.517276568427	0.021929845411	16064201404.3	412.970955777
5323624011.54	0.287688309829	0.449646968409	0.027236318498	15140492467.7	51.6602760551
830086189.88	0.123785165227	0.284460542146	0.0162049683852	946365326.706	296.253472651
2803562209.44	0.159972570545	0.567945110321	0.0334896516252	10131599937.0	190.697440435
4617116189.46	0.371478836864	0.489714441607	0.026102119133	8114580170.9	354.375776514
1235360454.7	0.148074880714	0.573548417147	0.023002664001	13676898367.3	410.568425364
1107365337.25	0.334014104567	0.143765437299	0.019492576896	5355529679.84	250.664317444
4817425003.0	0.301318654485	0.45671152706	0.0196498860511	16815831430.5	282.464663758
2139591153.27	0.176373960851	0.404730640808	0.0203393628762	15579453031.8	379.527817644
6473933979.8	0.23671399036	0.509549886738	0.0477913780475	4069022414.14	517.514461515
2692379954.75	0.230159487421	0.118768244506	0.0386330212784	16167357815.6	526.312279655
4772214988.4	0.345742329415	0.502550660643	0.00942981174967	15075523685.7	253.530806609
3747025260.56	0.388988582883	0.277043163896	0.0297211249807	15223653668.0	465.990818706
4393461563.35	0.185175035157	0.29484516727	0.0474319861453	7457608095.8	364.144605622
6183568565.29	0.389358078157	0.44328363384	0.00713575497566	1556453833.86	491.867430048
3617297880.1	0.347751814603	0.558454712936	0.0121395218141	5534022287.78	325.315786211
805553230.969	0.319737695893	0.438948558482	0.0371259713324	7188327732.47	475.280354677
2455070066.05	0.294039122847	0.293755250834	0.0258893188389	18778193850.8	458.133555464
3670336066.43	0.304371220796	0.479521679621	0.00949925215972	5041833591.53	439.048091091
552841895.572	0.346583199044	0.419096708289	0.0290185119535	9487028329.29	330.153491681
3378776871.36	0.302120654069	0.298056402982	0.0203679405522	10702071198.3	416.337547704
3010164250.7	0.340062432068	0.116136754028	0.0165546435326	10431182731.9	209.804046929
5401869842.6	0.200425119307	0.374102413901	0.0158923748587	10803590760.5	130.939887668
2566037770.7	0.275216299157	0.100940725851	0.00750977837457	11817689238.5	41.3104719034
200639868.663	0.378169130303	0.197831676293	0.00129419464535	6501182781.4	438.882858416
2968188081.78	0.367304358974	0.583769165973	0.0312173337775	8072678711.42	76.9538530638
5436277058.36	0.152034623085	0.307373273302	0.0449045330281	11264101796.6	58.5634732568
104088798.784	0.352660381497	0.165803782494	0.0301610728325	9053323846.28	396.882448702
386393178.149	0.323631872027	0.409733601551	0.0191023461285	2527949891.57	237.162210069
6345236553.7	0.152898446799	0.478391668234	0.00488780193414	16723538995.1	192.9963124
6485384844.83	0.162777999742	0.444325260486	0.00558579735132	2843876086.39	314.953245101
1488784777.72	0.338821163996	0.354218225819	0.0290898851227	7518327273.62	369.785310583
4813552667.13	0.334923163595	0.23313390604	0.016218863467	17033320558.7	161.085275288
6723601459.48	0.248274077479	0.458153571653	0.0122529885286	960349021.438	73.5412332381
6934087499.14	0.157392897307	0.154064577206	0.0395262008759	475504304.293	474.474277902
2901249224.3	0.130938310979	0.23673610075	0.021146010971	13489933298.9	330.247166287
3399444781.37	0.319396970278	0.119486908339	0.0349850061207	5560631970.65	520.605993725
5672665606.09	0.33174227219	0.52728422982	0.0441332669957	4051703240.92	258.371066928
2770060421.41	0.231834976613	0.254403340917	0.0213695202801	11284767101.8	427.242273962
3296620544.54	0.325555700985	0.581123093361	0.00506789538941	14191339849.9	372.371342975
4247043459.57	0.299267057555	0.455967719554	0.0424718279844	17385230000.3	417.363465518
427002686.598	0.263316719155	0.415323348396	0.0395781903683	10498969855.1	113.811280763
6113013667.04	0.224326134487	0.448127037271	0.0238436166461	17332575071.0	61.9918227061
6587496153.21	0.248236975958	0.26883141142	0.0367129890393	20008788465.3	246.524544338
936401057.483	0.162438522348	0.340681384888	0.0188758225302	11210838731.4	439.765525293
4794078955.21	0.327341147616	0.372318670282	0.00138829642225	636487745.318	460.105513661
2283853191.95	0.196412919336	0.427154371085	0.0174865837071	3763195796.03	477.998380683
2770286103.97	0.391937215341	0.36900548865	0.024951195949	18620350044.9	277.928534
3873187494.12	0.267911917482	0.481896955436	0.0101526566847	19877055653.0	37.5652209494
6296108772.19	0.387971471608	0.421867345034	0.0226404440738	8481266588.82	148.220919247
3618546609.18	0.196865317147	0.492891840963	0.00299402004116	15610642430.6	246.266854876
825448821.704	0.37251615537	0.590301233803	0.0219617189517	3361889535.26	495.27107012
520123721.957	0.311651094881	0.395010183031	0.0111808438395	6685787888.27	296.74319011
5031116978.05	0.161320383607	0.14264801721	0.0391742358639	8936842430.01	280.32048388
6989471742.7	0.261503460193	0.155288431394	0.0112750831179	9788185777.72	314.043149837
2858347874.57	0.385565643354	0.248368027417	0.0461482537865	12933171286.3	510.34694189
6572210352.47	0.221388450858	0.359188728311	0.0058093425158	5333411750.04	263.154354163
5794843549.55	0.207549748571	0.13342017619	0.00944308582869	2761656029.73	430.287499283
1801583255.0	0.10916041565	0.306323467851	0.00277626082724	15052040439.1	58.5725962654
1112997718.66	0.191391817614	0.45381759122	0.00387087440875	6930716445.5	402.490472989
4509358750.32	0.379546294769	0.303076299757	0.0154357682975	5922254880.81	461.077066539
3779712884.28	0.394465610438	0.177698340562	0.037392617484	8746321100.07	46.2101016717
3485676037.97	0.326199830896	0.486812033313	0.0432229847004	5656044841.96	118.495805287
4159110390.12	0.159629247348	0.370831027685	0.0494699288605	755212349.027	200.796192627
4367399455.68	0.289268285667	0.210466949133	0.0257691888641	2820350946.74	224.208500065
5953309274.39	0.211002582806	0.392901168856	0.00376696048729	1336831092.4	212.263000171
618743200.795	0.119682557837	0.447843158958	0.0253279403161	10095131187.2	184.449273424
2196983080.09	0.264783990972	0.146579492015	0.0448534190843	18873227334.6	355.698301875
4043024063.79	0.356786603127	0.234355670941	0.0085729096789	6733108174.26	64.1643877526
5078097937.56	0.119921743639	0.342773463016	0.0479809726298	1293533027.43	106.458518008
2282320715.1	0.238656710338	0.585337317797	0.0479693850231	340944751.337	246.467205548
2349390199.66	0.103991558419	0.364643943067	0.00104748826538	15815956916.5	315.84394425
3192866585.3	0.302439797276	0.353556655572	0.0247111080252	16175023408.4	336.58956633
3494828523.76	0.374885641869	0.564732788247	0.024175157206	9562964409.3	113.375222455
6413479608.0	0.208978634344	0.44159663304	0.0302557753057	16355703032.1	124.085319897
2120977090.76	0.153004378113	0.179198722322	0.0254715687225	2375008968.44	115.310095162
381867402.388	0.171196452044	0.598207263109	0.0194942202762	10322000260.7	497.439015971
6494851759.29	0.118027156134	0.148969970293	0.0476617541035	7354542856.38	349.336121964
5558890309.66	0.240683729355	0.118138774838	0.0497173002959	6506591592.41	68.2126711388
1742804521.74	0.281810028619	0.50603321343	0.000602308892698	19805958489.3	213.865224954
6659950163.96	0.227658594927	0.509551291135	0.0148565713529	19944307306.2	182.072470737
5543912138.81	0.349133177421	0.190876264767	0.0185709303704	12037776796.6	323.140199129
686738382.27	0.315738814347	0.379436518882	0.0436897747385	4090449978.83	420.170385286
1439449161.21	0.101697163861	0.509598930116	0.0263923880105	7950571947.48	260.404911016
1356798795.71	0.277608299921	0.592132162507	0.0472478254065	403645025.795	386.066980387
6094520912.18	0.303336736044	0.536314160207	0.0315509261154	2947292533.26	232.972310227
6562637579.22	0.191401755577	0.43839281025	0.0358382688107	4257458888.0	174.022478775
7052032103.51	0.303550922596	0.593496357824	0.033870098598	10091984108.7	525.256066318
4741504905.37	0.281462120205	0.489329727892	0.0474317886032	4080926478.25	489.922097698
1046053617.75	0.122358067042	0.117939553165	0.0277107853954	4956552059.1	149.748084879
5894300838.31	0.333885303473	0.491692497883	0.043572239494	2291061887.51	368.635540299
2754259458.67	0.195159166276	0.132040165061	0.0167231312327	10670581558.4	488.307779804
1240761147.22	0.194632418892	0.119107892584	0.0133760925229	7590916097.59	69.5051216872
1040147266.19	0.206833262698	0.298265946232	0.0145883200842	1668766922.94	461.350713642
4631440911.75	0.333928669974	0.259667730978	0.00279751815923	9540808693.76	515.931367857
1009292818.89	0.366270950646	0.280033226626	0.0101141075437	1296204033.37	288.792730085
1744605398.9	0.261004890429	0.298537319784	0.0308597143659	8686567384.13	361.284519109
1105933948.92	0.335278058287	0.558016457155	0.044248960204	19666337314.6	304.53084394
3260305678.17	0.201180248174	0.4218352815	0.0171871608962	12248486825.0	411.624788623
4636125025.65	0.210722106407	0.382098780799	0.040835601796	19669759074.6	175.62505065
1472655421.9	0.170594555302	0.56311724407	0.0459015698134	8386086155.79	291.44760395
5214586440.94	0.162358765412	0.524002117841	0.0255954248822	13506942625.9	277.813222849
4930631509.86	0.31012625398	0.166166856378	0.044174695837	16664088591.1	269.198104382
6522444426.49	0.102108725588	0.107582848448	0.0314752831782	16030128544.6	220.566515234
1115272862.6	0.105354667605	0.487249527729	0.0228907577275	4552811771.97	322.088203168
924673641.862	0.240623568933	0.342109000978	0.0206011412032	9810619239.07	152.485857047
5424676798.59	0.252031849883	0.378410736086	0.0143706799698	4831414339.51	186.384049775
228877427.974	0.234666073796	0.466900392603	0.0308787068974	18522490655.7	85.9452808927
3835592026.83	0.220914281142	0.242544475724	0.0310236275803	9110905077.2	70.0701707694
6042229348.86	0.111955060519	0.16035004494	0.00706061195959	1766943593.1	439.602070697
242796301.199	0.226002860473	0.311007282728	0.00794199507959	14025979166.1	514.71573875
3651583945.28	0.24045704923	0.574487955591	0.0112154857829	16251575743.1	377.748067993
122008631.31	0.199164260726	0.340184209547	0.0304558805574	4867265816.81	284.316068407
3848621210.69	0.298306293295	0.247105583187	0.0498513387573	10633195082.2	276.227179099
6151273243.95	0.179296334149	0.154680123712	0.004528745096	1527660833.17	391.33515332
1054922907.06	0.25567585571	0.540282226738	0.0341561938234	15881197149.9	243.623140341
2811525472.25	0.177691505238	0.161705256098	0.00353732730152	9580529239.93	345.172663277
3778296527.34	0.376871195004	0.139804347096	0.0456059953457	7775806333.69	123.818690288
1768967611.61	0.234850145702	0.383502605024	0.021593319769	14486094898.5	355.200504389
2505970273.61	0.32664088632	0.159524108574	0.0359231009756	18052125380.6	178.730051979
1367605624.18	0.101738528915	0.487339499199	0.0411779595072	9569297644.76	232.588144209
4553972393.4	0.158125945884	0.386531915141	0.00322860325595	11807609715.2	511.975646149
3236280307.29	0.267764841754	0.32259933419	0.03859433257	14029651839.7	167.194328641
6721453973.67	0.127620542927	0.238460865511	0.00480030703973	10126465870.2	461.272416982
6055968535.17	0.179496465218	0.386085806031	0.0350916298807	8424962694.93	163.996599552
2515678473.23	0.122915057996	0.469905005406	0.0200269503561	11796993507.5	131.557241907
1537625320.31	0.237889099384	0.295944399388	0.00791578601299	3764134056.04	139.162361045
6655093056.31	0.128160863313	0.423024134153	0.00342405213618	940215167.853	233.281784926
3935416112.38	0.375720286713	0.105705574002	0.0455186979473	15762767860.9	212.378094998
1314857022.14	0.26885972272	0.102145926873	0.0464447114011	9081599916.65	185.588283554
5372362274.23	0.189791572015	0.501585445434	0.0284565077461	9654198967.96	147.187084637
6387156670.35	0.319528897848	0.269175810722	0.0220059050734	18071429424.0	112.346942093
2311802426.53	0.329291650319	0.133694392254	0.00367195026758	9421061878.46	352.159190002
2731268881.09	0.380350959257	0.555005969778	0.0473429000513	6460518409.17	235.161861245
1528233025.83	0.363675022523	0.226852094054	0.0419014868492	3072387279.4	57.4928921034
4603644275.44	0.180641708504	0.490677019568	0.0453135479605	1902990274.48	365.023912064
776463920.426	0.399548978718	0.22108958009	0.0268281966373	10572997324.5	145.527328941
3817075604.71	0.354725866381	0.502156587297	0.0436596097278	14912127250.1	46.9546735048
5018644407.58	0.120127019657	0.416788565895	0.0167888704008	6705320241.03	192.74563253
5272142116.5	0.243406513459	0.16542402218	0.025982171208	19121697668.9	450.795374729
1937052700.63	0.283088481743	0.47692225945	0.0102460290352	2411640850.0	45.0823501782
1213758918.83	0.257715369404	0.308146894745	0.0103244889093	8083154848.93	95.5750546253
6256792594.3	0.226650464684	0.211792458949	0.0272349924129	1576776477.1	239.883239531
5494015243.81	0.250637520078	0.256864352933	0.0185455387058	9001517434.24	225.395040783
6106430371.83	0.302216363592	0.267127603148	0.0163485019533	10820468751.2	127.914798481
5408310570.48	0.369464620846	0.235844319585	0.0314687938443	3623399043.24	236.485378347
5301850861.86	0.123472657537	0.166751890936	0.0175789682123	9536187274.13	368.227964937
581832598.423	0.137372826753	0.466947879606	0.037009257754	7738287707.72	251.199524934
502178779.153	0.326657728448	0.147304463664	0.0469477439543	3952409872.27	163.871406858
4047816873.16	0.329819037513	0.288783285187	0.00901756378049	2490574014.73	75.803642467
637684829.061	0.288285525623	0.466983134529	0.00637147756873	6307616344.99	232.929442207
5268635363.75	0.18161691037	0.347787948771	0.0277669107976	15428243776.8	448.002312988
4538145590.54	0.354100183644	0.430691299724	0.0132495040265	5836888552.12	240.137930785
797754954.713	0.203887251353	0.55028632049	0.0196019293476	12988468657.5	418.239692965
2783710426.42	0.301751596096	0.123121930875	0.0342325718836	18563219227.8	386.13497645
4811198566.78	0.159726787313	0.245777401948	0.0164188993877	16367088611.8	276.042298811
526397333.289	0.378493389213	0.10099093969	0.0429674371356	917458446.616	428.979217821
2235766671.84	0.38561115905	0.254526434361	0.0303900143995	2929278242.53	367.479383429
1243169745.21	0.161667508181	0.572872698027	0.015927410409	19796032547.3	310.006551399
1505168686.59	0.393477532743	0.197266317843	0.0283036390578	16399415394.0	333.282939876
4103693366.9	0.28547637089	0.173592161003	0.014865967058	3113669422.23	396.896853744
2763744655.39	0.392626843287	0.402020600808	0.0171303491763	8749388912.91	410.141987544
855925797.548	0.167198826249	0.272956719038	0.0106805864027	7526206423.22	277.269027318
2925554152.92	0.120665230878	0.556769961287	0.0157671608697	6021277455.3	138.095062938
6474843426.54	0.138755539297	0.260723627243	0.0383651731615	3042805260.05	331.908772897
6483656388.45	0.127892620105	0.386221943244	0.040615617979	17968020565.6	74.5126524159
6170334391.37	0.256198903484	0.177932973536	0.0375072860149	15600966046.0	309.331881855
951536366.952	0.154312894987	0.166313044196	0.043148628555	12809678901.5	341.107013508
3142289180.28	0.305374832886	0.197117460817	0.047729083475	18409924780.1	276.152982852
5613785207.31	0.390560813063	0.567187763221	0.0437568120209	8075772486.12	350.008799383
3786521164.18	0.3666566262	0.251313890517	0.0325749203063	322752704.348	87.55204659
6367854677.07	0.189010737102	0.553196015475	0.029422362164	2854235624.98	363.040306448
2675350009.15	0.164903614836	0.424864509675	0.0479363563357	11249189522.9	425.241259957
7039628207.67	0.3322227023	0.558496283268	0.00579709038618	18695111095.4	268.987791131
205547233.054	0.344869676566	0.226873709201	0.0156092051955	11532045884.6	465.543004516
6941410552.39	0.306756603447	0.587371969678	0.00796628346995	16780082922.5	248.464839148
3986535573.86	0.29936294342	0.567457416985	0.0321516490917	18710218404.8	495.736936605
5795828788.19	0.227735402807	0.103912995328	0.0273592248261	18026146814.5	390.818070627
6849002904.4	0.385179940272	0.132260319056	0.0380824956749	17173316922.7	515.882436216
6072121818.55	0.364437986976	0.174134509154	0.0166056751517	14882530475.1	108.928289175
6758874316.39	0.337374169089	0.139500793098	0.0439882188497	3297554192.66	307.385312208
5868559190.97	0.167168777606	0.237226561854	0.0383612490922	13890168875.5	265.403033064
1251482017.29	0.205124256473	0.583365205819	0.0212643474701	17108460794.8	494.263290907
4843171321.71	0.300964621586	0.216810662848	0.0442377229917	14790698022.8	178.384160818
388601873.128	0.288498022567	0.137687869081	0.0170590354357	3000001237.37	223.416139349
5198781600.45	0.123441371121	0.405335532177	0.0395567437125	5185275595.75	518.874138707
4004769991.84	0.130524454418	0.284948021941	0.0489862502691	81901519.8202	254.913154123
5751131375.12	0.172328862118	0.175493481495	0.0192932154396	13882175814.5	279.947069143
3579971890.51	0.330752268636	0.260265980033	0.0249396375827	1931837049.19	131.522432598
446805698.703	0.288178947328	0.154382544673	0.00853558105296	13753020825.2	307.119250918
6145918214.39	0.154193727314	0.476157049966	0.048868378954	4273199231.75	461.914324059
1015812111.56	0.347731775679	0.535110245034	0.00799107190131	7811142589.03	453.570711524
6278570308.43	0.226473760868	0.209641868401	0.0400441502709	4101842782.19	506.301586467
5289407446.02	0.135594390536	0.355285119143	0.0100256060808	10191362847.0	297.915736122
6482575349.16	0.116178271138	0.283962499715	0.0266422646454	1549137907.03	214.781099846
3707134591.29	0.322666507769	0.205031593284	0.0239196442065	14712358384.8	400.371735729
6497631376.3	0.252241677629	0.36308076776	0.0260762916943	4551133789.76	348.127002029
2279812280.2	0.347253052355	0.500996731672	0.039525259332	3499488772.82	114.913529434
5412608763.06	0.150679834362	0.482731895621	0.0452779403666	18979783457.8	279.752763092
2478145750.31	0.262935526253	0.557647800186	0.0252941383344	6100204336.78	325.018866741
4142033904.38	0.126817527485	0.430057563517	0.00203231084193	2139849141.65	63.0696545529
3233798176.75	0.156393916923	0.38039227214	0.0487596873918	11949102100.0	65.9270919642
2788344156.66	0.384753172	0.576549222814	0.0228612834658	9462657096.36	333.067963128
2044835530.93	0.128258703321	0.429109406218	0.0458714947269	1300268196.62	521.890092937
2535716573.87	0.307052431402	0.209702693825	0.046643781563	5316206773.72	340.53046789
4834224314.36	0.241866728657	0.197769198313	0.0183906558961	1694123464.56	211.849602887
3511569598.09	0.29264729678	0.36336587066	0.0452957188926	2075878221.95	61.9886836209
5836196727.21	0.213805911139	0.448839522366	0.047134678519	12993732756.9	350.091902877
1798709898.82	0.243747767224	0.461390960549	0.0172993173652	19391833412.9	324.430560737
7023931475.62	0.362646203932	0.290736647355	0.0452840697362	14832424289.8	504.397863825
1417220005.71	0.213782969848	0.148307911788	0.0443860552955	11324712308.4	48.8313557542
3173359572.35	0.267155778364	0.436076057536	0.0429853499792	3100709192.87	168.258431492
4300128580.78	0.351070307255	0.538675259783	0.0161803361808	7388661212.27	408.738836693
262512648.663	0.321376469279	0.26653836865	0.0415286593968	7201589307.48	41.3923758253
685738852.569	0.220120603357	0.361365718357	0.0333179887903	4295207065.86	528.881325347
2950006333.2	0.194160815542	0.301542366638	0.0101253878089	14107183407.9	492.406368609
2600428712.67	0.275323232727	0.306594785641	0.0443135731622	19161122944.2	491.206777266
6991103120.37	0.2274948027	0.234118255779	0.0408465098064	8097342552.11	88.987621451
7008649419.99	0.110754761739	0.508712174569	0.0308484318302	7864451222.15	51.9958889072
4032766834.83	0.130445459978	0.405384551633	0.0156378137292	10542798509.9	483.70706569
2344109116.11	0.187242901189	0.148630735678	0.0140191724584	960655401.125	523.106911491
3974893975.38	0.133162009677	0.599175993066	0.0240838652486	9931959943.22	44.7289399206
224110783.079	0.215592872493	0.578217289787	0.000733514954808	12694760712.3	493.607654293
1859629572.15	0.230014465293	0.309156840536	0.0106105783467	19446420732.0	238.357183289
887577916.474	0.137057641025	0.33637514646	0.0268945407332	14067325205.5	273.386069492
5227836517.36	0.259599603935	0.476976443083	0.00647967054251	6958516993.35	233.051376231
5879414315.92	0.251153785026	0.172096188072	0.0226852992158	3240899300.42	296.786614608
6639153275.18	0.351642505704	0.424094172542	0.0212800226543	11382641011.6	306.248507144
409432164.178	0.282166666581	0.167546661938	0.010755777518	16930241978.3	330.46899677
1917619972.24	0.373345079108	0.510181932724	0.0467084029689	10268134473.5	382.995242655
5600367894.28	0.172760163357	0.278793845623	0.0346100385565	14892918105.9	149.43691143
2110489644.21	0.272772376763	0.415120380102	0.0439656211688	16834869685.3	217.311239204
3722418834.22	0.120197550515	0.306262974678	0.0378333657817	12525455761.3	229.59537332
522290606.753	0.372387339066	0.236958978674	0.0368728299155	14995370977.7	88.7946021468
3678364456.05	0.200701383628	0.178735954291	0.0401790106163	8474825888.54	315.193346355
2763192241.78	0.305430668683	0.476374949497	0.0220209434434	10187174596.8	104.69756746
4002674663.53	0.227125678978	0.434853208847	0.040080752846	7353531018.82	315.948311125
3548247468.51	0.332006938185	0.488640526226	0.039358742789	2103040491.05	66.1203288385
2796354030.11	0.294881480833	0.466513815881	0.0304404366249	4336193681.09	398.32535165
2629848565.64	0.289318040048	0.162951166962	0.0366018883987	79516114.3224	264.736248608
4003421564.26	0.252026497851	0.30920788045	0.0068122860949	4939426246.35	136.860962816
6653021383.32	0.27921907194	0.235922779987	0.0102906296613	5488263093.55	219.551893741
5114945429.17	0.178199928409	0.188078476396	0.0299380317604	12756137531.9	479.968520228
305501891.48	0.228562635312	0.116503094765	0.00253688058606	16384761893.0	455.423118843
1509370198.09	0.362818047785	0.339398130257	0.00517600229804	2559240652.2	150.608496186
5409997610.34	0.295557164626	0.579123209132	0.015280421684	5903253685.66	399.047186591
6517716999.05	0.302635193207	0.206036460715	0.0256892353958	3576295672.88	185.41509327
4499941926.75	0.214218962446	0.26539198388	0.0373194776773	17750800792.7	97.9533849345
6671393015.34	0.327980952341	0.486566913238	0.0186136685165	7777002662.36	124.050551184
6622428479.97	0.321640541763	0.108215186213	0.0284255898274	190906724.86	341.575313763
5757161593.32	0.11569287671	0.414814035425	0.0265775949145	18935544081.0	424.985913589
779219700.547	0.169187236727	0.485922474719	0.0374400294428	1699538220.02	383.970583061
6280301807.01	0.229097606145	0.231990339816	0.0227996010231	1008063103.58	95.3721958739
3202209271.88	0.309631493505	0.148509925271	0.0425759010245	13583461709.2	238.872070298
4559364106.18	0.159599000491	0.528401129343	0.0419603850159	19365634184.9	137.270319807
3022837854.07	0.224867875912	0.340634875099	0.00816464020321	2860027488.28	179.791829879
6896874530.19	0.150751105619	0.209878265678	0.0393336498227	2402378458.64	174.100885894
976629593.268	0.229819890867	0.486611918992	0.00986401423504	5687572683.44	444.996854184
1093474868.42	0.22858642463	0.527826906797	0.034375368552	14651718114.5	185.806762974
2116729118.56	0.289860678845	0.315504653274	0.0290355439542	8493577992.48	94.8409188119
3451199591.32	0.183561653389	0.546032115756	0.0297387264108	3267088806.77	80.3270744606
4865821998.93	0.203470873019	0.455896233292	0.00512579521784	16284487378.8	503.371751487
6756386637.94	0.21046224518	0.412023851536	0.0109647978633	13606120359.2	492.179204463
4874688491.89	0.118544794608	0.571804671133	0.0498655969828	7349098320.21	238.689615928
3655441299.58	0.323601857529	0.387369946626	0.00450795229443	11490509254.1	197.917078335
6795218248.02	0.331411136866	0.444733676884	0.00911300818384	13519042518.1	89.1818781887
6585740558.52	0.291161592277	0.257212973777	0.00458345348139	10163583108.1	390.625322387
4856117509.73	0.240986500648	0.206313132116	0.0186776278545	16687496446.4	273.488380838
4721797472.72	0.297739974081	0.235881152083	0.0266605478511	2440627331.9	469.934775602
128895589.48	0.346584745812	0.510929815683	0.0147684251167	5016088534.1	470.105178279
4619156139.15	0.143975981144	0.58392852813	0.0408074324663	8495815530.05	123.941199341
562922484.029	0.162630866197	0.436238745794	0.00825731486228	15738800341.9	244.835711122
4946525462.04	0.345049546153	0.263291511402	0.0353007987716	11035747007.2	492.804064473
4614573964.34	0.251217923347	0.243384140675	0.0035123400852	527955584.33	251.852100419
2342828151.45	0.367513812796	0.132621729188	0.045922393092	9515927183.44	381.971306661
606137587.929	0.144341813278	0.498083203707	0.0312964827787	8164496354.78	237.784045796
3080937567.22	0.266509929822	0.280443385387	0.0318120392422	4178464028.91	364.942436126
2490605445.84	0.195109152329	0.564401252046	0.00321695410591	11914230978.7	327.840025771
6208732688.97	0.241037857981	0.318744860087	0.00764151307856	7977204249.42	382.244857538
174753732.815	0.250760350214	0.300069468849	0.0437716668025	9586969346.86	263.308515718
943046486.052	0.22368675954	0.254725742627	0.0475099420551	13614903646.8	235.132240506
4110389531.73	0.377726618215	0.559845387456	0.044966364481	12858964583.5	232.289840448
6104552824.46	0.212435470725	0.389965029644	0.00361892289943	8965838413.32	443.94802888
4858279000.24	0.348711601001	0.20555176616	0.0124646951235	8779313461.14	306.743060131
6051101032.96	0.271333992353	0.206823285483	0.0179204072611	13923507912.7	327.184349488
4530816331.03	0.123371270141	0.272299716512	0.00866111126456	11156300586.0	477.399685602
1679889050.75	0.322276620995	0.188711153681	0.0450064964877	19677674000.3	242.247371218
3420979613.4	0.293955820497	0.292657899574	0.0282767360665	7521801355.9	130.229497556
6575794362.2	0.381316265734	0.39442413852	0.0454932983984	5408530676.09	94.9740083458
7094149298.69	0.38285452714	0.427056721703	0.0334076022102	11131577166.4	414.867608162
4190471262.22	0.312574544553	0.114118321777	0.0310231175361	13569022610.6	233.658422597
2300417994.61	0.267998068511	0.541801693006	0.0159615822994	9209026702.14	382.7415305
558345668.498	0.238753329276	0.432130132327	0.00360766299135	257424821.91	207.061106185
354063561.55	0.337309558432	0.22080520462	0.0323935735053	246842928.339	417.177666793
7081080809.23	0.197225083997	0.400123722152	0.0448295172939	8717460465.85	147.793847559
3915889776.52	0.383194779665	0.235566995039	0.0119951276278	3774820313.52	253.457964763
5125214766.2	0.230272722962	0.359868183826	0.0492275085142	12513141092.5	153.507135394
6251348456.24	0.131865807401	0.302697134497	0.0167168641151	13053444993.9	66.6240622089
5269182039.64	0.227763912531	0.58245374966	0.016506171716	9291976027.65	253.168529246
3139414327.81	0.388187251812	0.579284465407	0.049435756394	13029119594.9	332.60040812
6388896742.43	0.281054076431	0.308401589455	0.040219970498	16559925403.5	168.728613186
1252636545.9	0.254469903285	0.159456091933	0.0178474587513	3109390929.26	260.787458753
3878105639.02	0.311106324565	0.568826326225	0.0443072906068	5235708572.63	45.3903745616
505609581.067	0.373457301961	0.466670425008	0.00514530408211	4919547567.87	49.3197881133
5814882713.36	0.135101818583	0.320831657188	0.0322991512056	10126121251.5	130.008670843
1074603143.48	0.360487286593	0.181228138781	0.0476875620194	9130566326.42	125.089912743
1930898223.7	0.145181293035	0.465911311659	0.0249632140914	9055426072.9	303.893015216
589010670.102	0.113723097441	0.498901286379	0.0376594404986	1772634634.15	139.190066128
3387915896.75	0.216274850204	0.341153264464	0.0104394814629	3390039254.59	425.258981651
3969066321.68	0.166096313727	0.463232186839	0.0109355824769	20012547836.9	136.396506882
422012302.634	0.208370519239	0.350687768681	0.0440526150303	10666226528.3	477.889990531
2668480201.57	0.247380395338	0.213181160228	0.0342791901765	3768165754.32	42.6237998889
5322751530.91	0.294480082375	0.380101159238	0.0393695654356	15776477098.8	107.334865924
3876401334.55	0.328439164334	0.130800289298	0.0321936164319	2411410498.72	161.655131168
2918602564.72	0.295567477011	0.331866612199	0.0186325660691	10692715669.0	464.845144676
5849149644.16	0.360170084507	0.419473045767	0.046956486369	12828683038.0	352.430292775
6889603498.93	0.231578586232	0.424692791301	0.020130423255	10835285058.6	322.04222399
1036767332.93	0.137534710588	0.505157072392	0.0100948894659	11167478233.3	497.428026099
6653820721.42	0.319797362764	0.524527248851	0.0283170641591	19666585153.9	424.060405844
5447436086.13	0.348532270073	0.274564127437	0.0156158480555	9034039912.53	426.537304942
1135039502.85	0.289538657623	0.401990316654	0.0067484068391	18480284609.9	386.994455289
5661838300.06	0.255672192241	0.265032468471	0.0411663032562	14621666136.8	141.980108687
2501942541.42	0.314158182891	0.492223045757	0.0450951714574	5863330958.64	452.655316726
6592980984.44	0.141793812622	0.290613300143	0.0476629761529	11504069574.3	292.752899585
390269962.139	0.379455988599	0.529336137074	0.0116561913464	6138441695.85	364.865024139
2212539631.59	0.217864227725	0.275556891834	0.0217442954448	6012277525.71	76.6614346498
4756633719.44	0.378974561765	0.537742711329	0.0208656344292	8520301625.87	331.034115798
4207160687.5	0.161759001645	0.109022941681	0.042346314677	4167439138.74	389.099131806
5573391583.74	0.22684258177	0.490990530183	0.00684903802014	14916973760.5	325.276293756
293914101.567	0.111795142211	0.419273280007	0.0335028132611	8109996319.67	246.392642952
6131532306.83	0.33334529732	0.242636284253	0.0431165789722	7578651367.96	337.247026244
1808861399.12	0.146923882118	0.230615209511	0.0249053552388	9879319434.91	491.779470479
593172146.203	0.343995551011	0.331643414184	0.046829820973	13864467728.9	519.784986221
1462322841.45	0.148745149087	0.540612462534	0.0462351649829	19542580946.2	93.085155688
2695517926.59	0.290609692263	0.370199625899	0.0187943111496	19951208351.2	138.536118969
1913555759.64	0.20308671241	0.596920979251	0.00993914860042	1124488326.82	144.011742436
3509047057.21	0.348340769295	0.557989637482	0.000994482645618	14321481615.2	323.983986719
1335369968.78	0.302302353669	0.117173430055	0.0349680310488	12283903527.3	420.287136697
2245829981.44	0.132982164228	0.382979827206	0.0230997753642	2355761662.33	348.811335673
798467923.443	0.151890214916	0.268944559341	0.0165746940415	8646006874.72	40.4249345676
5972772546.95	0.399690586376	0.51883901306	0.0245372999638	1287070216.14	53.4660643586
5032740799.92	0.347920951989	0.13223779022	0.0363613438074	5538788731.62	459.045153489
6266130400.76	0.368707894166	0.524831081415	0.0244895618856	12371901599.4	42.7025521698
3459928609.86	0.249859625501	0.214338687573	0.000575523050647	14777070731.2	220.980879697
1218934714.47	0.319362168016	0.571608082946	0.0223255311215	6155175400.65	237.741134264
881805099.369	0.237510240145	0.335801410609	0.0150392759301	14322698557.9	522.472937144
1898361821.21	0.127221863579	0.5572769153	0.0020688133012	18826024084.6	436.479989476
7000233439.57	0.146236817482	0.268496446586	0.00306052483637	17225477344.4	477.43011105
4985839422.86	0.154422639369	0.127032351881	0.0282728750804	1439767325.98	324.543454374
4454886390.6	0.179138464369	0.20233646686	0.0214881425772	4004112456.01	283.915084535
1778045807.42	0.318868751231	0.476703402002	0.023244068439	12594562402.4	278.371158015
5346976968.72	0.290136815737	0.234813713955	0.0252929898784	13932131825.1	497.716834798
2172819864.56	0.148177719813	0.16506130614	0.0452670095711	18919440410.1	452.466822013
4127548996.65	0.15296483784	0.466928843835	0.0461184014387	19472190622.7	461.45492752
5211622926.99	0.399637035074	0.287881208754	0.0254008759664	17142842258.8	457.802804331
2921275614.59	0.245945537282	0.559962557311	0.000821775531123	1614838605.38	98.4093083539
182740013.045	0.330228018092	0.257475812058	0.00577851377331	6190648569.06	396.462597815
6181210253.28	0.2176200361	0.291762434637	0.023748710197	2850975041.89	529.42199089
5960359951.82	0.229682412213	0.40843567948	0.0246597883299	5235141881.06	111.883545516
684339515.892	0.101214034418	0.421831215886	0.000762755455385	12999947439.7	275.111218908
6411085299.45	0.338104737154	0.552332619342	0.0248603950298	8202360133.49	518.006494065
4634012727.18	0.15396777738	0.201385099064	0.0466905706638	14686139821.9	284.280185714
363310320.213	0.339687266389	0.495049850197	0.0138890524237	6127356480.99	365.926193357
852673821.876	0.286780904175	0.346519003025	0.00105220801487	8292645669.57	404.647855855
4611916848.6	0.164393581988	0.16842111923	0.0402751438507	2272898907.7	493.397280514
5168355995.96	0.318780666167	0.489101165997	0.0196294111166	7533628181.1	194.01856427
3704687134.99	0.142489173101	0.313674068331	0.0493729224175	16009579679.7	207.527096067
398579636.733	0.102187399678	0.399691728371	0.0386615612953	32434712.5901	467.449802999
6833064749.03	0.271884837471	0.212941562222	0.0129831531049	12038632781.3	511.731704396
5976955181.66	0.372538298131	0.454361765694	0.00318538847044	2256724693.39	506.244870952
389508726.792	0.394619185791	0.221083284876	0.0403274195925	11098861515.6	51.3781261273
3988462809.09	0.105704775169	0.132289976345	0.0298005950799	15569567145.6	30.159353048
4525329835.45	0.273616616039	0.497636734527	0.0028870541365	12307367647.0	91.115534431
4491763720.43	0.199003321391	0.38385093509	0.0464954388245	6617054156.34	121.200460992
168996930.895	0.259967392505	0.455414151888	0.0196770392932	8884372325.37	161.828773515
4696928552.86	0.216619219103	0.490264667413	0.0256051514482	2433161641.79	276.270499132
5482208714.18	0.176715628639	0.456748999241	0.041776235493	2976461185.72	363.042334126
105528692.456	0.114297414805	0.578779154946	0.0350809237321	19846847416.5	432.403429701
4797084009.91	0.188707571686	0.191613703524	0.0447238748628	10853327811.5	238.84484999
3167483352.13	0.312705990924	0.378055857592	0.0103436970676	12747508268.6	399.610365012
6646710230.37	0.368527952794	0.364955463329	0.0480624763451	9627622971.42	339.436424041
2112656378.93	0.176089715871	0.53223010157	0.000828994703216	7426802285.31	508.376212979
5864515211.28	0.146494158198	0.526298920184	0.00509971134205	15365779065.9	500.826629735
3214112321.06	0.201019440371	0.55800290578	0.0126402407918	14776947231.7	81.4685612668
1410023489.43	0.26616639295	0.517451633565	0.0425957400076	13978951087.1	431.415241468
6694120245.99	0.357079103872	0.316374955523	0.0238132395207	13815881368.3	226.563900539
1742815163.54	0.265786772212	0.266611626996	0.0402955642498	3175054065.22	368.460135567
540856673.911	0.279375124403	0.44780652758	0.00117127522194	11885127410.1	308.822601752
